rank,author,posts
1,Vital City,79
2,Elizabeth Glazer,41
3,Jamie Rubin,23
4,Greg Berman,21
5,Josh Greenman,16
6,A Survey,14
7,Harry Siegel,13
8,Vishaan Chakrabarti,13
9,Ted Alcorn,12
10,Aaron Chalfin,11
11,Brandon del Pozo,9
12,Errol Louis,9
13,Nicole Gelinas,8
14,Bradley Tusk,7
15,David Schleicher,7
16,John K. Roman,7
17,John Hall,5
18,Vincent Schiraldi,5
19,Anthony A. Braga,4
20,Charles Fain Lehman,4
21,Charles Komanoff,4
22,Howard Yaruss,4
23,Jelani Cobb,4
24,Peter Moskos,4
25,Aaron Short,3
